	Name	Value	p-Value	Confidence Interval 95 Lower	Confidence Interval 95 Upper	Confidence Interval 99 Lower	Confidence Interval 99 Upper	Confidence Interval 90 Lower	Confidence Interval 90 Upper
0	Intercept	34.9971821613	0.0374316777083	2.03590675101	67.9584575715	-8.32127662358	78.3156409461	7.33520784176	62.6591564808
1	EPH_0x11:Frequency_A7:Voltage_A7_Squared	1.70544107852e-10	8.68485863881e-43	1.46165709951e-10	1.94922505753e-10	1.38505462152e-10	2.02582753553e-10	1.500851114e-10	1.91003104305e-10
2	EPH_0x08:Frequency_A7:Voltage_A7_Squared	1.24180846105e-10	2.14797383161e-25	1.00808665035e-10	1.47553027175e-10	9.34645934788e-11	1.54897098731e-10	1.04566293437e-10	1.43795398773e-10
3	EPH_0x04:Frequency_A7:Voltage_A7_Squared	2.7533035198e-10	5.03749048647e-13	2.00632627219e-10	3.50028076741e-10	1.77160900977e-10	3.73499802982e-10	2.12642045222e-10	3.38018658738e-10
4	EPH_0x03:Frequency_A7:Voltage_A7_Squared	1.77533997676e-09	0.000839408757846	7.33374966306e-10	2.81730498722e-09	4.05965830923e-10	3.1447141226e-09	9.00895374655e-10	2.64978457887e-09
5	Frequency_A7	-0.0284602933091	0.007471619054	-0.0493126028661	-0.00760798375209	-0.0558648734071	-0.00105571321106	-0.0459601031401	-0.010960483478
6	Voltage_A7	-100.308979652	0.0626766188939	-205.925013411	5.30705410622	-239.111976455	38.4940171506	-188.94474927	-11.673210035
7	Frequency_A7:Voltage_A7	0.0805279058146	0.00299505497951	0.0273544665851	0.133701345044	0.0106461610386	0.150409650591	0.0359033489023	0.125152462727
8	Voltage_A7_Squared	95.7739022938	0.0928204405747	-15.9134674624	207.46127205	-51.0081825422	242.55598713	2.04290688916	189.504897698
9	Frequency_A7:Voltage_A7_Squared	-0.0758750624694	0.00166400278925	-0.123168696494	-0.0285814284447	-0.138029433342	-0.0137206915967	-0.115565131303	-0.036184993636
10	Voltage_A7:Voltage_A7_Squared	-30.5305666084	0.124008828459	-69.4333493725	8.37221615565	-81.657489666	20.5963564492	-63.1788110826	2.11767786583
11	Frequency_A7:Voltage_A7:Voltage_A7_Squared	0.0239350012534	0.0020309483289	0.00873189884774	0.0391381036591	0.00395473784537	0.0439152646615	0.0111761555143	0.0366938469925
