	Name	Value	p-Value	Confidence Interval 95 Lower	Confidence Interval 95 Upper	Confidence Interval 99 Lower	Confidence Interval 99 Upper	Confidence Interval 90 Lower	Confidence Interval 90 Upper
0	Intercept	31.0366448991	0.0475423899325	0.336332870964	61.7369569273	-9.31040431913	71.3836941174	5.27213086398	56.8011589343
1	EPH_0x11:Frequency_A7:Voltage_A7_Squared	1.84132144059e-10	8.78185971186e-43	1.57809859659e-10	2.10454428459e-10	1.49538798452e-10	2.18725489666e-10	1.62041786631e-10	2.06222501488e-10
2	EPH_0x08:Frequency_A7:Voltage_A7_Squared	1.11008189839e-10	5.99998824198e-20	8.7215082848e-11	1.3480129683e-10	7.97387467813e-11	1.42277632896e-10	9.10403850021e-11	1.30975994676e-10
3	EPH_0x04:Frequency_A7:Voltage_A7_Squared	2.7252658216e-10	1.92488237673e-15	2.05305825326e-10	3.39747338993e-10	1.84183532683e-10	3.60869631636e-10	2.1611314469e-10	3.28940019629e-10
4	EPH_0x03:Frequency_A7:Voltage_A7_Squared	2.4016441235e-09	9.55884547085e-06	1.33834578407e-09	3.46494246293e-09	1.00423323089e-09	3.79905501611e-09	1.50929602734e-09	3.29399221966e-09
5	EPH_0x60:Frequency_A7:Voltage_A7_Squared	-2.44881613234e-09	0.00579135932075	-4.18819794541e-09	-7.09434319271e-10	-4.73475132274e-09	-1.62880941946e-10	-3.90855136546e-09	-9.8908089922e-10
6	Frequency_A7	-0.0267126706228	0.0109083909291	-0.0472797133705	-0.00614562787515	-0.0537423465836	0.000317005337905	-0.0439730770008	-0.00945226424494
7	Voltage_A7	-87.7978467067	0.0789269668158	-185.740862829	10.1451694159	-216.516788992	40.9210955782	-169.994216933	-5.60147648022
8	Frequency_A7:Voltage_A7	0.0748426796784	0.00580837633146	0.0216638207443	0.128021538613	0.00495381220311	0.144731547154	0.0302135744066	0.11947178495
9	Voltage_A7_Squared	82.5596011612	0.117009324832	-20.6741528381	185.79335516	-53.1125493295	218.231751652	-4.07689625866	169.196098581
10	Frequency_A7:Voltage_A7_Squared	-0.0696612748138	0.00421402314109	-0.117372268365	-0.0219502812629	-0.13236414908	-0.0069584005471	-0.109701602803	-0.0296209468248
11	Voltage_A7:Voltage_A7_Squared	-25.8616662356	0.157677689582	-61.7361278526	10.0127953814	-73.0087006765	21.2853682054	-55.9684634885	4.2451310174
12	Frequency_A7:Voltage_A7:Voltage_A7_Squared	0.0216526889381	0.00549078602951	0.00636909704554	0.0369362808307	0.00156664441335	0.0417387334629	0.00882629429227	0.034479083584
